Judet,CA/loc
AB,18.135386209704283
AG,12.125028684872
CT,8.832536195814487
PH,8.586145084068889
SB,8.124811774102735
IF,7.802119178222207
MS,7.111475165686201
BV,6.516587677725118
TM,6.264113831476545
AR,6.1920867017865895
CJ,5.6637626676735575
MM,5.5358903489631315
SM,5.272871078302136
BH,5.194355467059129
DJ,5.157584617782164
VS,4.873030483512913
BC,4.850769539939157
BZ,4.848736730912428
GL,4.8309759774206995
IS,4.803355117725241
BT,4.024446170692673
B,2.1290999110662754
