Regiune,NascutiRural,NascutiUrban
Bucuresti-Ilfov,10.88888888888889,6.444444444444445
Centru,7.505938242280285,8.004750593824227
Nord-Est,11.872340425531915,8.638297872340425
Nord-Vest,6.676470588235294,9.558823529411766
Sud-Est,7.130434782608695,8.347826086956522
Sud-Muntenia,9.285714285714286,8.714285714285714
Sud-Vest Oltenia,8.697289156626505,7.228915662650603
Vest,5.405405405405405,8.82882882882883
