,M_Urban,F_Urban,M_Rural,F_Rural
M_Urban,1.0,0.9997594700504326,0.504393340055248,0.4944457792317953
F_Urban,0.9997594700504326,1.0,0.49770977420973517,0.4879525326066617
M_Rural,0.504393340055248,0.49770977420973517,1.0,0.999688260284323
F_Rural,0.4944457792317953,0.4879525326066617,0.999688260284323,1.0
